MAE,MSE,RMSE,MAPE
44590151.99637096,3181120632013231.5,56401424.02469313,65.48192174979235
