MAE,MSE,RMSE,MAPE
1.9714691320018038,7.081171567402473,2.6610470810195133,118.160883558791
