MAE,MSE,RMSE,MAPE
1.7935579609081005,6.111053558945334,2.472054521839139,1435.4215945299031
