MAE,MSE,RMSE,MAPE
1.7416708307842645,5.727515315861973,2.393222788597412,3045.683901651019
