MAE,MSE,RMSE,MAPE
2.020300426542808,7.819394125355209,2.7963179585582196,3959.999455075468
