MAE,MSE,RMSE,MAPE
2.302057100739084,9.867260812987725,3.1412196378139057,138.20683635973822
