MAE,MSE,RMSE,MAPE
28181189.46889143,1588141096542741.0,39851488.0091414,35.89520949458671
