MAE,MSE,RMSE,MAPE
2.3559657713690187,10.593077482405056,3.2547008284026746,129.17893404088903
