MAE,MSE,RMSE,MAPE
2.0956374983710537,8.677434540540578,2.945748553515825,148.98952685541715
