MAE,MSE,RMSE,MAPE
2.0076736320763877,8.122047339556634,2.849920584780677,99.94204590905937
