MAE,MSE,RMSE,MAPE
0.459298565636121,0.3975735265644651,0.6305343183082623,99.96921784613322
