MAE,MSE,RMSE,MAPE
15091207.605596358,596476814078528.5,24422874.811916154,26.85816982315779
