MAE,MSE,RMSE,MAPE
0.4239719442388383,0.34460672626617317,0.5870321339297987,789.6230016811269
