MAE,MSE,RMSE,MAPE
0.42147309681636014,0.3357801558124347,0.5794654051903657,630.0556496939538
