MAE,MSE,RMSE,MAPE
0.4680566707130735,0.40973829538939277,0.6401080341546986,100.00301187115284
