MAE,MSE,RMSE,MAPE
0.3950866311295385,0.30851558494716086,0.5554417925824099,99.96451743528077
