MAE,MSE,RMSE,MAPE
0.38024325738855436,0.2863779281366639,0.5351429044065369,140.02841996394218
