MAE,MSE,RMSE,MAPE
0.39499213349116713,0.311150713144571,0.5578088500056009,99.99547963010119
