MAE,MSE,RMSE,MAPE
0.42020699466861167,0.3311994973943083,0.5754993461284803,99.99004230137989
