MAE,MSE,RMSE,MAPE
6205876.31897001,69124916836531.4,8314139.57283202,45.87629832326727
