MAE,MSE,RMSE,MAPE
0.7776627379532037,1.2635301935639698,1.1240685893502984,99.99385039403882
