MAE,MSE,RMSE,MAPE
0.7071808155739195,1.0392510887708504,1.019436652652263,100.00329850841932
