MAE,MSE,RMSE,MAPE
0.7158398255972737,1.0516749114772117,1.0255120240529663,100.36454588760513
