MAE,MSE,RMSE,MAPE
0.7768534490527879,1.2363312342326875,1.111904327823526,481.71552393947275
