MAE,MSE,RMSE,MAPE
8815257.012612218,148307839772459.53,12178170.62503476,37.18251979515459
