MAE,MSE,RMSE,MAPE
4.579726204891468,44.86289386339103,6.697976848526055,408.4868733746317
