MAE,MSE,RMSE,MAPE
687767.9061786942,1241535616954.2556,1114242.1715920896,27.778194822056772
