MAE,MSE,RMSE,MAPE
5.202535980991723,56.572667924749844,7.5214804343792485,108.11066194446066
