MAE,MSE,RMSE,MAPE
5.198367765733213,51.38955241043785,7.168650668740796,357.9475021714908
