MAE,MSE,RMSE,MAPE
4538111.542338552,43357552808070.07,6584645.230236027,37.751666988974435
