MAE,MSE,RMSE,MAPE
1.6015734166633482,5.016169966597067,2.2396807733686215,100.0175576657217
