MAE,MSE,RMSE,MAPE
1.5288614485486984,4.5014041764538195,2.121651285309115,6718.338424658628
