MAE,MSE,RMSE,MAPE
1.4272675708047244,3.8961635900915716,1.9738702059891302,519.5329604126281
