MAE,MSE,RMSE,MAPE
1.6303237885920392,4.721080182892395,2.172804681257014,360.4222983563063
