MAE,MSE,RMSE,MAPE
2.0379536077131206,8.280891548389581,2.8776538270593948,941.1446039251597
