MAE,MSE,RMSE,MAPE
2.422151847944055,11.984398564496653,3.4618490094885206,103.51747023837
