MAE,MSE,RMSE,MAPE
2116208.016296343,9804483370828.768,3131211.166757804,41.661544615311584
