MAE,MSE,RMSE,MAPE
2.467382164698197,11.518087634731508,3.39383081999258,2528.2188546931343
