MAE,MSE,RMSE,MAPE
2.2650324185171424,9.658851642147383,3.1078693090520044,784.9294164301983
