MAE,MSE,RMSE,MAPE
1.6243416434692717,5.211029030852461,2.28276784427424,1072.944434186148
