MAE,MSE,RMSE,MAPE
9567574.668190708,172059932188748.0,13117161.742875172,33.63351154343619
