MAE,MSE,RMSE,MAPE
1.7646556761602101,5.958350073007633,2.4409731815420734,101.33598822378245
