MAE,MSE,RMSE,MAPE
1.7708767276872288,6.24403475674073,2.4988066665391964,9985.865582547465
