MAE,MSE,RMSE,MAPE
1.5784864032416759,5.129553679347318,2.264851800747086,899.6495603560928
