MAE,MSE,RMSE,MAPE
4.219590902658074,35.03354223622018,5.9189139405992535,100.00006858031811
