MAE,MSE,RMSE,MAPE
3.8535688211826598,30.434851538576886,5.516779090971188,100.00386683422697
