MAE,MSE,RMSE,MAPE
3.8260146994377693,29.130500240327883,5.397267849600192,431.18159446837933
