MAE,MSE,RMSE,MAPE
4.296480752468203,34.70698645876087,5.891263570640926,99.98743904461625
