MAE,MSE,RMSE,MAPE
939460.7300572607,2305553880796.971,1518405.0450380396,30.2463496094131
