MAE,MSE,RMSE,MAPE
1.2367364890641597,2.7408342898333884,1.6555465230048318,107.46367300106701
