MAE,MSE,RMSE,MAPE
1.0674535681466948,2.1961223585161203,1.481931968248246,1257.0413954696933
