MAE,MSE,RMSE,MAPE
1.1259266650164246,2.388252007778833,1.5453970388799227,100.52374580208765
