MAE,MSE,RMSE,MAPE
2631193.9851587573,62572440169085.66,7910274.342213781,26.058289148008782
