MAE,MSE,RMSE,MAPE
1.2049621777983062,2.919242800269264,1.7085791758854092,101.1093018177105
