MAE,MSE,RMSE,MAPE
1.5247273152707321,4.629938476680234,2.151729182931773,28434.815352662547
