MAE,MSE,RMSE,MAPE
1.682706120712414,5.409647356354738,2.325864862014717,1218.729839408428
