MAE,MSE,RMSE,MAPE
4877401.153366719,62684435761772.98,7917350.299296664,30.72698815671357
