MAE,MSE,RMSE,MAPE
1.6976589116399154,6.018298886018428,2.4532221436344543,139.2279146080499
