MAE,MSE,RMSE,MAPE
1.5327248253749457,5.033083569466763,2.2434534917102167,3102.4668167934524
