MAE,MSE,RMSE,MAPE
0.44341625509677085,0.40435826183444473,0.6358917060588577,99.39143025242805
