MAE,MSE,RMSE,MAPE
0.3854035355965353,0.3029620617857947,0.5504198958847643,2458.275683418691
