MAE,MSE,RMSE,MAPE
0.40584664601960946,0.362354925429594,0.6019592390100795,1208.349941110954
