MAE,MSE,RMSE,MAPE
0.44563854582818224,0.4207227506675033,0.6486314444023689,5116.759874025154
