MAE,MSE,RMSE,MAPE
4967058.926245361,63122018555190.03,7944936.66149643,26.863730424534776
