MAE,MSE,RMSE,MAPE
4.382244341714217,34.5386811693042,5.8769618995960995,303.34581192667156
