MAE,MSE,RMSE,MAPE
3.975372924284548,29.208766959073863,5.404513572845744,42216.41372247719
