MAE,MSE,RMSE,MAPE
4.312310680456984,33.65140033939789,5.800982704628406,34584.86640636033
