MAE,MSE,RMSE,MAPE
4.681494216758789,38.63231952431706,6.215490288329398,350.60836430474995
