MAE,MSE,RMSE,MAPE
1498894.5060114926,2954749900143.205,1718938.596967095,61.46636302663104
