MAE,MSE,RMSE,MAPE
3.1514254777061215,18.87655730961135,4.34471602174542,3941.0746839575568
