MAE,MSE,RMSE,MAPE
3.6434383567727746,23.400534186129363,4.837409863359664,1624.7025137886947
