MAE,MSE,RMSE,MAPE
58580995.08904765,4104521387367285.0,64066538.7497037,239.75942613190884
