MAE,MSE,RMSE,MAPE
3.6168565525232994,23.466496306285077,4.844222982717153,102.28162939726056
