MAE,MSE,RMSE,MAPE
3.050816310174777,17.129006979753598,4.138720451994022,1140.8121820263104
