MAE,MSE,RMSE,MAPE
0.8000313140348672,2.233194371492976,1.4943876242437824,490.59321979998697
