MAE,MSE,RMSE,MAPE
0.9518563180309739,3.0119553421603533,1.7354985860438934,151.30106183720687
