MAE,MSE,RMSE,MAPE
0.9266112844378708,2.888860379186545,1.6996647843579467,100.03608120829772
