MAE,MSE,RMSE,MAPE
162029551.51754847,4.791024092090552e+16,218884081.01299995,34.35576623028892
