MAE,MSE,RMSE,MAPE
0.825757088236582,2.380135955025727,1.542768924701858,274.64926640028125
