MAE,MSE,RMSE,MAPE
1.0978376277490018,2.291059462439217,1.5136246108065292,567.988216790918
