MAE,MSE,RMSE,MAPE
1527773.9762825135,5753674634161.491,2398681.853469003,25.942936412222515
