MAE,MSE,RMSE,MAPE
1.254595686174786,3.0596291735511874,1.7491795715566734,1373.387013628129
