MAE,MSE,RMSE,MAPE
1.1124554252604562,2.5720668215674283,1.6037664485726806,7757.505920229114
