MAE,MSE,RMSE,MAPE
1.2535218015125804,3.4077811257357764,1.846017639605802,99.66557702373379
