MAE,MSE,RMSE,MAPE
0.4154368562931029,0.3482593565398698,0.5901350324627999,100.03533636543958
