MAE,MSE,RMSE,MAPE
0.389259103664302,0.3193445483448967,0.5651057850923991,100.00882329821548
