MAE,MSE,RMSE,MAPE
16928412.0487566,594797287775216.8,24388466.28583308,44.413236324184126
