MAE,MSE,RMSE,MAPE
0.42269228808325526,0.34651475245234337,0.5886550368869219,99.98834115630416
