MAE,MSE,RMSE,MAPE
0.36495446485932503,0.2684064369730167,0.5180795662569763,99.98903597092777
