MAE,MSE,RMSE,MAPE
1.1453058890452996,2.6852385451429104,1.6386697486506885,111.01051493946478
