MAE,MSE,RMSE,MAPE
0.9870972429996104,1.9599631511046665,1.3999868396183823,15566.629272582197
