MAE,MSE,RMSE,MAPE
1.0768667403452714,2.2174056192365406,1.4890955708874232,5765.0429743111445
