MAE,MSE,RMSE,MAPE
1.1770712842310453,2.6665480158691928,1.6329568322124113,16914.41507739516
