MAE,MSE,RMSE,MAPE
1904387.9832920919,9174287658283.055,3028908.6579629723,25.878534182438013
