MAE,MSE,RMSE,MAPE
3.649275023964409,23.648010086992592,4.862921970070319,101.66195211486084
