MAE,MSE,RMSE,MAPE
26038781.279581424,1158541199649765.2,34037350.067973346,44.297110267385555
