MAE,MSE,RMSE,MAPE
2.9341417150765987,15.669182676877737,3.958431845678,2213.2877342612223
