MAE,MSE,RMSE,MAPE
3.656949822702292,23.421922933517166,4.839620122852327,862.6136711394495
