MAE,MSE,RMSE,MAPE
3.2599542709857414,18.857186883468252,4.342486255990714,805.0288992910442
