MAE,MSE,RMSE,MAPE
3.0651027867407894,17.335369533199035,4.163576531444935,2347.7220930928925
