MAE,MSE,RMSE,MAPE
3.3482523985686696,21.310471113683366,4.616326582217009,100.2097946477911
