MAE,MSE,RMSE,MAPE
3.3455257320852967,20.56444925544042,4.534804213573109,6495.785824738412
