MAE,MSE,RMSE,MAPE
2.6988481521937673,14.00764234371711,3.7426784985778716,426.369595425512
