MAE,MSE,RMSE,MAPE
29392085.839400943,2248493838012322.0,47418285.90335507,30.439040456929696
