MAE,MSE,RMSE,MAPE
4.579173367963222,42.80952787419487,6.5428990420298305,4441.4219710732
