MAE,MSE,RMSE,MAPE
4.769677014700512,47.0394946050763,6.858534435655791,1111.2017679570772
