MAE,MSE,RMSE,MAPE
5.194933786431434,52.45801787153949,7.242790751605315,4467.31941028437
