MAE,MSE,RMSE,MAPE
4.981140006053642,51.91906581460107,7.205488589582324,109.47075016894571
