MAE,MSE,RMSE,MAPE
5270667.591722872,39627864491834.08,6295066.678902939,160.92329276933123
