MAE,MSE,RMSE,MAPE
2.3080274401867564,10.145980444715613,3.1852755680969915,99.5500090656821
