MAE,MSE,RMSE,MAPE
2.0473417873715025,8.17100470756159,2.858496931529154,8144.841888303265
