MAE,MSE,RMSE,MAPE
2.228411157173673,9.466534464493554,3.076773385300509,705.4230675019984
