MAE,MSE,RMSE,MAPE
2.4791221256520326,11.080015228910463,3.328665682959234,519.3671536837634
