MAE,MSE,RMSE,MAPE
2481885.0764401057,12727665934824.777,3567585.44884699,38.38980490079176
