MAE,MSE,RMSE,MAPE
0.3845360977250692,0.34802073817749185,0.5899328251398559,12425.44257570462
