MAE,MSE,RMSE,MAPE
8268048.475529774,206380546536325.84,14365950.944379764,28.93700220019946
