MAE,MSE,RMSE,MAPE
0.3975718253452889,0.37546027905175644,0.6127481367183065,10404.467029995401
