MAE,MSE,RMSE,MAPE
0.4476195265338948,0.44464792202395387,0.6668192573883525,104.45409198902477
