MAE,MSE,RMSE,MAPE
0.4554054023213082,0.44899744593035634,0.6700727168974695,4390.905301901366
