MAE,MSE,RMSE,MAPE
9891960.178680308,195993600788313.34,13999771.454860017,36.00745877355847
