MAE,MSE,RMSE,MAPE
0.989943980233024,1.8056914845388488,1.3437602035105998,102.81859494087928
