MAE,MSE,RMSE,MAPE
0.9571905621099658,1.6555896603802485,1.2866971906319873,100.35020356330386
