MAE,MSE,RMSE,MAPE
1.0837572400940851,2.099417791207194,1.4489367795756976,477.65097460936994
