MAE,MSE,RMSE,MAPE
1.0556751547082204,1.9702097226181057,1.4036415933628164,99.99791593342205
