MAE,MSE,RMSE,MAPE
1.4473811813981063,4.199552307273092,2.049280924439861,155.8917897565898
