MAE,MSE,RMSE,MAPE
7.518603320211259e-06,5.6529395886691777e-11,7.51860332021126e-06,0.0021822193251412117
