MAE,MSE,RMSE,MAPE
0.2406192660217532,0.11516851714730733,0.33936487317827596,140.0200139608024
