MAE,MSE,RMSE,MAPE
0.17383793532944247,0.0675588558516739,0.25992086459473374,98.79441392203397
