MAE,MSE,RMSE,MAPE
0.41043279237381897,0.3580472439594569,0.5983704905486708,116.37136561101491
