MAE,MSE,RMSE,MAPE
3.198847477217659e-05,1.023262518250178e-09,3.198847477217659e-05,0.018490885456023363
