MAE,MSE,RMSE,MAPE
0.9130321820103674,1.8735751074642684,1.3687859976870995,155.98965448005373
