MAE,MSE,RMSE,MAPE
8.06546988932344e-07,6.505180453558307e-13,8.065469889323441e-07,0.0014563536556309535
