MAE,MSE,RMSE,MAPE
1.0206901539692597,2.251769473369235,1.5005897085376918,203.1712421117925
