MAE,MSE,RMSE,MAPE
1.7083103784898412e-06,2.9183243492561046e-12,1.7083103784898412e-06,0.00017083103784898412
