MAE,MSE,RMSE,MAPE
2.4417273010064744e-06,5.962032212480361e-12,2.4417273010064744e-06,0.012041308570466638
