MAE,MSE,RMSE,MAPE
8.629197438825287e-07,7.446304843822886e-13,8.629197438825286e-07,0.0002851717710084872
