MAE,MSE,RMSE,MAPE
1.9470885339632933e-05,3.7911537590913266e-10,1.9470885339632933e-05,0.2948635143940587
