MAE,MSE,RMSE,MAPE
2.3436718820340796,10.17179052402215,3.189324462017333,191.4187616726917
