MAE,MSE,RMSE,MAPE
8.008211594759396e-07,6.413145294643884e-13,8.008211594759397e-07,0.00136173669243415
