MAE,MSE,RMSE,MAPE
0.8215593807100366,2.609800991739061,1.615487849455718,159.85727322708544
