MAE,MSE,RMSE,MAPE
2.637154319935342e-05,6.954582911723565e-10,2.6371543208017926e-05,0.12673671527324457
