MAE,MSE,RMSE,MAPE
0.2384350942279358,0.1309702744481388,0.36189815480068255,141.93355474076907
