MAE,MSE,RMSE,MAPE
3.2028718516208254e-05,1.0258388097905015e-09,3.2028718516208254e-05,0.04341584342330799
