MAE,MSE,RMSE,MAPE
1.0315094309487627e-05,1.0640117061362404e-10,1.0315094309487629e-05,0.020855566393805442
