MAE,MSE,RMSE,MAPE
1.2443403748854664e-06,1.5483829685701034e-12,1.2443403748854664e-06,0.0029917911521227815
