MAE,MSE,RMSE,MAPE
1.9118329838696546e-06,3.655105358211948e-12,1.911832983869655e-06,0.0009430300581636622
