MAE,MSE,RMSE,MAPE
3.3149099751155256e-05,1.098862814312042e-09,3.314909975115526e-05,0.056774261304751224
