MAE,MSE,RMSE,MAPE
0.2663089473915413,0.1827469158461477,0.4274890827215915,190.57237100614566
