MAE,MSE,RMSE,MAPE
1.595321919012349e-06,2.545052025281244e-12,1.595321919012349e-06,0.0001595321919012349
